Tweet link,Time created,Date,Year,Tweet hashtags,Tweet text,Tweet expanded external URL,Retweets,Impressions,Engagements,Engagement rate,Video views,Reply rate,Favourites,Replies,Retweet rate,Favourite rate,Video view rate
https://twitter.com/MinBZ/status/1311597878113185792,11:24:37,2020-10-01,2020,,"@MilaStolk Beste Mila, de zorgvuldigheid waarmee het ministerie de reisadviezen maakt, vergt soms veel tijd. Hierdoor kan het voorkomen dat actualiteiten in de media wel worden gemeld, maar dat je deze nog niet terugvindt in het reisadvies. Houd onze website in de gaten. ^SD",,0,,,,0,,1,2,,,
https://twitter.com/MinBZ/status/1311742896350072832,21:00:52,2020-10-01,2020,UNGA,"Minister Kaag en @NikkieTutorials spraken zich namens Nederland samen uit voor gelijke rechten voor vrouwen, wereldwijd.

Bekijk hier de boodschap die zojuist in de VN was te zien tijdens een bijeenkomst over dat onderwerp: #UNGA

https://t.co/iGxn7noEVT https://t.co/RXzSWHhWLM",,4,,,,771,,11,2,,,
https://twitter.com/MinBZ/status/1312101889220079616,20:47:22,2020-10-02,2020,Duitsland,RT @247BZ: Reisadvies #Duitsland: Reizigers uit alle Nederlandse provincies behalve Zeeland en Limburg die Duitsland inreizen moeten een ne‚Ä¶,,0,,,,0,,0,0,,,
https://twitter.com/MinBZ/status/1312129721379946497,22:37:58,2020-10-02,2020,,@MarcelRijs Het advies is nu geupdatet. Omdat we de reisadviezen zorgvuldig aanpassen zijn actualiteiten niet altijd meteen terug te vinden in het reisadvies. Als het goed is heb je via de app de nieuwe informatie ontvangen. Voor de zekerheid de link: https://t.co/UXwbB0X0rw ^BK,,0,,,,0,,1,1,,,
https://twitter.com/MinBZ/status/1312361966422425600,14:00:49,2020-10-03,2020,,@tweeteriedoo Helaas heb ik geen antwoord op je vraag. Raad je aan contact op te nemen met de NLse ambassade in Mexico: https://t.co/xU6WimS7gs ^SD,,0,,,,0,,0,0,,,
https://twitter.com/MinBZ/status/1312492710901641220,22:40:21,2020-10-03,2020,,"@MelanieeeJDB Beste Melanie, er bestaan enkele uitzonderingen op de test- en quarantaineverplichtingen, die verschillen per deelstaat. Boodschappen doen of tanken valt niet onder die uitzonderingen. Meer informatie vind je in het reisadvies: https://t.co/UvmQo6lKgT ^BK",,0,,,,0,,0,1,,,
https://twitter.com/MinBZ/status/1312506067604008961,23:33:26,2020-10-03,2020,,@MelanieeeJDB Dat klopt inderdaad ^BK,,0,,,,0,,0,0,,,
https://twitter.com/MinBZ/status/1312715519536005128,13:25:43,2020-10-04,2020,Duitsland,RT @247BZ: Reisadvies #Duitsland: In Noordrein-Westfalen geldt nu een uitzondering van de test- en quarantaineverplichting voor Nederlander‚Ä¶,,0,,,,0,,0,0,,,
https://twitter.com/MinBZ/status/1312759491881037824,16:20:27,2020-10-04,2020,,"@MelanieeeJDB Beste Melanie, volgens de nieuwe regels zal je vader iedere keer dat hij naar Duitsland reist, een negatieve coronatest moeten overleggen. ^SD",,0,,,,0,,0,0,,,
https://twitter.com/MinBZ/status/1313093717507661826,14:28:33,2020-10-05,2020,,"RT @ministerBlok: De NAVO blijft het fundament voor onze veiligheid, ook in de toekomst. Maar Europa moet ook zelf een grotere verantwoorde‚Ä¶",,0,,,,0,,0,0,,,
https://twitter.com/MinBZ/status/1313106494712426500,15:19:19,2020-10-05,2020,"YouthAtHeart, gendergelijkheid","In Zuid-Sudan is 72% van de bevolking 15 - 35 jaar oud. 
Wani Michael roept jongeren wereldwijd op om meer politieke en maatschappelijke betrokkenheid te tonen, bijvoorbeeld voor meer gendergelijkheid.

Lees meer: https://t.co/7qudVFrQuz  

#YouthAtHeart #gendergelijkheid",,10,,,,0,,17,3,,,
https://twitter.com/MinBZ/status/1313159159903379457,18:48:35,2020-10-05,2020,,RT @ministerieJenV: Op sociale media gaat een lijst rond met nieuwe besluiten coronamaatregelen. Dit is onjuiste informatie. Het is te betr‚Ä¶,,0,,,,0,,0,0,,,
https://twitter.com/MinBZ/status/1313429140939386880,12:41:24,2020-10-06,2020,,"@MilaStolk Beste Mila, onze reisadviezen zijn bestemd voor reizigers uit Nederland. Wanneer je uit een ander land naar Zuid-Afrika wilt reizen, zullen andere regels gelden. ^SD",,0,,,,0,,1,0,,,
https://twitter.com/MinBZ/status/1313429641156272130,12:43:23,2020-10-06,2020,,"@rcsmit Beste Ren√©, dank voor je nuttige suggestie. ^SD",,0,,,,0,,1,1,,,
https://twitter.com/MinBZ/status/1313542015154556931,20:09:55,2020-10-06,2020,Aandachtvoorelkaar,"Het coronavirus raakt ons allemaal, wereldwijd.

Op deze website vind je verhalen en initiatieven van anderen. Je kunt zelf ook iets delen #Aandachtvoorelkaar  üëá https://t.co/yyNzwA7QC3",,6,,,,0,,9,2,,,
https://twitter.com/MinBZ/status/1313793441625759747,12:49:00,2020-10-07,2020,,@aboogie_artist Helaas kunnen we niet voorspellen wanneer de reisadviezen voor landen buiten Europa aangepast zullen worden. Houd onze website in de gaten (https://t.co/e7kBJzylJX) of abonneer je op de BZ Reisapp. ^SD,,0,,,,0,,0,0,,,
https://twitter.com/MinBZ/status/1313877458786152451,18:22:51,2020-10-07,2020,,"RT @devooravondtv: Woensdag o.a.(1/4):
-Vandaag maakten de nabestaanden van Nicky Verstappen gebruik van hun spreekrecht in de zaak tegen J‚Ä¶",,0,,,,0,,0,0,,,
https://twitter.com/MinBZ/status/1314122917995786241,10:38:13,2020-10-08,2020,,"@cwzwaaneveld Beste Carsten, er kunnen meerdere redenen zijn waarom een land een oranje reisadvies krijgt. Vanwege oplopende besmettingen in een land, of omdat een land quarantaineverplichtingen oplegt aan Nederlandse reizigers als zij in dat land aankomen. ^SD",,0,,,,0,,1,3,,,
https://twitter.com/MinBZ/status/1314141454491627520,11:51:52,2020-10-08,2020,HRC45,"Als lid van de VN Mensenrechtenraad zet Nederland zich in voor gerechtigheid wereldwijd.

Dankzij de inspanningen van Nederland en partners, blijft de VN mensenrechtenschendingen in Jemen documenteren en onderzoeken. Ernstige misdrijven mogen niet onbestraft blijven.

#HRC45 https://t.co/hSItXjyIEm",,2,,,,0,,10,1,,,
https://twitter.com/MinBZ/status/1314195107479007232,15:25:04,2020-10-08,2020,Itali√´,RT @247BZ: Reisadvies #Itali√´: Alle reizigers die vanuit Nederland naar Itali√´ reizen moeten bij aankomst een negatieve COVID-test kunnen o‚Ä¶,,0,,,,0,,0,0,,,
https://twitter.com/MinBZ/status/1314488857841238018,10:52:20,2020-10-09,2020,,De Jonge Klimaatbeweging versterkt de stem van jongeren in het klimaatdebat. Gefeliciteerd met de eerste plek in de Duurzame top 100! üéâ https://t.co/MP6xSZpj7n,,1,,,,0,,6,1,,,
https://twitter.com/MinBZ/status/1315211330060771328,10:43:11,2020-10-11,2020,,"@BOK Ons reisadvies voor Frankrijk is niet aangepast. Een aantal departementen is oranje (alleen noodzakelijke reizen), veel departementen zijn geel. Daar kun je dus prima naar toe. Meer informatie vind je op: https://t.co/UvOb26r0nP. ^SD",,0,,,,0,,0,1,,,
https://twitter.com/MinBZ/status/1315642278652841985,15:15:37,2020-10-12,2020,,"RT @MinBZK: Op social media worden veel berichten gedeeld over het coronavirus. Hoe controleer je of berichten wel kloppen? 
Daar hebben wi‚Ä¶",,0,,,,0,,0,0,,,
https://twitter.com/MinBZ/status/1316035356874231808,17:17:34,2020-10-13,2020,,"@mozinus Beste @mozinus, wat wil je precies weten? Hopelijk kunnen we je helpen. ^SD",,0,,,,0,,0,1,,,
https://twitter.com/MinBZ/status/1316036294292766720,17:21:17,2020-10-13,2020,,"@ChielKok3 Beste Chiel, alle reizigers die vanuit Nederland naar Itali√´ reizen moeten bij aankomst een negatieve COVID-test kunnen overleggen. Jullie zijn al in enige tijd in Itali√´, dus een negatieve test is voor jullie niet meer nodig. ^SD",,0,,,,0,,0,0,,,
https://twitter.com/MinBZ/status/1316038465851740160,17:29:55,2020-10-13,2020,,"@mozinus Beste Mozinus, het reisadvies (en de kleur) voor Sloveni√´ is i.v.m. oplopende besmettingen in dat land zojuist door ons aangepast. Duitsland is geel omdat wij reizen naar Duitsland niet afraden. Wij raden reizen naar Belgi√´ wel af en daarom is de kleur ook oranje. ^SD",,0,,,,0,,0,1,,,
https://twitter.com/MinBZ/status/1316038681963237376,17:30:47,2020-10-13,2020,,@mozinus Meer informatie over gebruik van de kleurcodes bij reisadviezen kun je vinden op: https://t.co/1gDSE2F2gx ^SD,,0,,,,0,,0,0,,,
https://twitter.com/MinBZ/status/1316055089493221378,18:35:59,2020-10-13,2020,,"@mozinus Beste Mozenius, op de wereldkaart van de BZ reisapp zijn deze landen inderdaad nog geel, deze kaart wordt z.s.m. aangepast. Wanneer je de volledige adviezen voor genoemde landen bekijkt, zie je dat beide landen oranje zijn. ^SD",,0,,,,0,,1,0,,,
https://twitter.com/MinBZ/status/1316060140710363136,18:56:03,2020-10-13,2020,,"@frieke72 Beste Frieke, het reisadvies voor heel Spanje is en blijft: reis alleen naar Spanje als het noodzakelijk is. Na een verblijf in Spanje gaat u bij terugkeer in Nederland 10 dagen in thuisquarantaine. ^SD",,0,,,,0,,0,1,,,
https://twitter.com/MinBZ/status/1316092067051954178,21:02:55,2020-10-13,2020,,"RT @247BZ: De reisadviezen voor Oostenrijk, Sloveni√´, Slowakije, Polen, Belgi√´ en Frankrijk zijn dinsdag (deels) aangepast naar oranje, omd‚Ä¶",,0,,,,0,,0,0,,,
https://twitter.com/MinBZ/status/1316336294130315269,13:13:23,2020-10-14,2020,,"@Ollyywood Beste Ollyywood, je vraagt een paspoort of ID-kaart aan bij de gemeente waar je staat ingeschreven.  Meer informatie kun je vinden op: https://t.co/zAa0JqZJd9 ^SD",,0,,,,0,,0,0,,,
https://twitter.com/MinBZ/status/1316380629257326597,16:09:33,2020-10-14,2020,,"RT @247BZ: Boek geen vakantiereizen naar landen met een oranje reisadvies. Dat adviseert het kabinet vandaag in een kamerbrief. 

üé¨ Dit zei‚Ä¶",,0,,,,0,,0,0,,,
https://twitter.com/MinBZ/status/1316673487721967616,11:33:16,2020-10-15,2020,,"@jokierotterdam Beste JokieRotterdam, lees alles over de coronamaatregelen van de Portugese overheid in ons reisadvies op: https://t.co/LtkVI6BajI ^SD",,0,,,,0,,0,1,,,
https://twitter.com/MinBZ/status/1316678746590584833,11:54:10,2020-10-15,2020,,"@jokierotterdam Beste JokieRotterdam, voor zover nu bekend worden reizigers uit Portugal, of uit andere landen met een oranje reisadvies, bij terugkomst niet gecontroleerd. ^SD",,0,,,,0,,0,0,,,
https://twitter.com/MinBZ/status/1316714241026658305,14:15:13,2020-10-15,2020,,@hydrarchos Thanks for letting us know! We will update the map as soon as possible. ^SD,,0,,,,0,,0,0,,,
https://twitter.com/MinBZ/status/1316784480527491074,18:54:19,2020-10-15,2020,"YouthAtHeart, educationmatters","Wereldwijd zetten we ons in voor meer perspectief voor jongeren, bijvoorbeeld door beter onderwijs dat aansluit op de arbeidsmarkt. 

Charif Hamidi richtte met dit doel in Marokko een mobiel klaslokaal op.
Lees meer: https://t.co/oQxZbzF5bw 

#YouthAtHeart #educationmatters",,6,,,,0,,13,0,,,
https://twitter.com/MinBZ/status/1317021865798471680,10:37:36,2020-10-16,2020,DaphneCaruanaGalizia,"RT @ministerBlok: Exactly 3 years ago, #DaphneCaruanaGalizia was killed by a car bomb. This reminds us of the hostile environment journalis‚Ä¶",,0,,,,0,,0,0,,,
https://twitter.com/MinBZ/status/1317148395698610178,19:00:23,2020-10-16,2020,,"Per 1 januari 2021 verandert het zakendoen met het VK. 

Bereid je vandaag nog voor met de Brexit Impact Scan op: https://t.co/9mt8mMTQOT https://t.co/IJ65Cs3cG3",,21,13691,367,0.03,0,0,11,2,0,0,0
https://twitter.com/MinBZ/status/1317340958376296448,07:45:34,2020-10-17,2020,,"@DennisPiet Beste Dennis, wat is afgesproken is geen nieuw Europees reisadvies, wel een belangrijke volgende stap om gezamenlijk het coronavirus beter te kunnen bestrijden en daarover informatie te delen.  Op korte termijn verandert er niets aan de Nederlandse reisadviezen. ^SD",,0,677,20,0.03,0,0,0,1,0,0,0
https://twitter.com/MinBZ/status/1317349501003309057,08:19:30,2020-10-17,2020,,"RT @MinBZ: Per 1 januari 2021 verandert het zakendoen met het VK. 

Bereid je vandaag nog voor met de Brexit Impact Scan op: https://t.co/9‚Ä¶",,0,0,0,,0,,0,0,,,
https://twitter.com/MinBZ/status/1318160770480394246,14:03:12,2020-10-19,2020,,"RT @MinBZK: Door het hele land worden folders, flyers en brochures verspreid met artikelen over het coronavirus.  
Hoe weet je of die artik‚Ä¶",,0,0,0,,0,,0,0,,,
https://twitter.com/MinBZ/status/1318853683623452672,11:56:35,2020-10-21,2020,,"@mediazaken Beste Marcus, het reisadvies voor Luxemburg is ook in de BZ Reisapp aangepast. Het aanpassen van de kleuren in de wereldkaart kan soms wat langer duren. ^SD",,0,182,6,0.03,0,0,0,0,0,0,0
https://twitter.com/MinBZ/status/1318857532325154818,12:11:53,2020-10-21,2020,,"@SlaysStalia Beste, op de website van de Belgische overheid is inderdaad te lezen dat voor reizigers die minder dan 48 uur in Belgi√´ blijven, zelfquarantaine (n.a.v. een ingevuld PLF-formulier) niet verplicht is: https://t.co/KXtSXMTwjg ^SD",,0,186,9,0.05,0,0,1,0,0,0.01,0
https://twitter.com/MinBZ/status/1318912816988946433,15:51:34,2020-10-21,2020,,"Vandaag staan we samen met Frankrijk stil bij de aanslag op Samuel Paty. Een tragische herinnering dat terrorisme ons allen raakt.

Nederland blijft samen optrekken met Frankrijk en andere partners in de strijd tegen gewelddadig extremisme en terrorisme. https://t.co/asutDJ1iN5",,14,14693,202,0.01,0,0,31,7,0,0,0
https://twitter.com/MinBZ/status/1318985601895596034,20:40:47,2020-10-21,2020,,RT @SigridKaag: De coronacrisis treft veel ondernemers. Door Brexit moeten ze vanaf januari ook op een andere manier zakendoen met het Vere‚Ä¶,,0,0,0,,0,,0,0,,,
https://twitter.com/MinBZ/status/1319884573342339072,08:12:59,2020-10-24,2020,"UN75, ShapingOurFutureTogether","üá∫üá≥ Vanuit het Vredespaleis vieren we vandaag 75 jaar Verenigde Naties.

#UN75 #ShapingOurFutureTogether

Jij kunt erbij zijn! Kijk voor meer informatie op: https://t.co/FVeP7ZsJLI https://t.co/lkQ47zlu1x",,7,6619,145,0.02,0,0,21,1,0,0,0
https://twitter.com/MinBZ/status/1319955232391155712,12:53:45,2020-10-24,2020,VN75,RT @UNANL: Vandaag bestaan de VN 75 jaar en ter ere van dit jubileum kleur het Vredespaleis VN-blauw. Ter gelegenheid van #VN75 kun je vana‚Ä¶,,0,0,0,,0,,0,0,,,
https://twitter.com/MinBZ/status/1320750976945573889,16:35:45,2020-10-26,2020,,"RT @MinBZK: Desinformatie aanpakken is een taak van de overheid, media, journalisten, wetenschappers en de social media platforms.

Wat kun‚Ä¶",,0,0,0,,0,,0,0,,,
https://twitter.com/MinBZ/status/1321052284286050304,12:33:03,2020-10-27,2020,YouthAtHeart,"RT @unicefchief: Looking forward to joining @DutchMFA, young people and many more at next week's #YouthAtHeart virtual forum.

Join us in a‚Ä¶",,0,0,0,,0,,0,0,,,
https://twitter.com/MinBZ/status/1321069123816882176,13:39:58,2020-10-27,2020,Duitsland,"RT @247BZ: Reisadvies #Duitsland: In Berlijn, Frankfurt am Main, Bremen, M√ºnchen, D√ºsseldorf, Keulen, Aken, Stuttgart, Essen en Mannheim is‚Ä¶",,0,0,0,,0,,0,0,,,
https://twitter.com/MinBZ/status/1321145399944617984,18:43:03,2020-10-27,2020,,RT @RVO_Int_Ond: FINISH Mondial wint het 2020 P4GState-of-the Art Partnership of the Year voor de verbetering van sanitaire voorzieningen v‚Ä¶,,0,0,0,,0,,0,0,,,
https://twitter.com/MinBZ/status/1321367088976535552,09:23:58,2020-10-28,2020,,Perspectief bieden aan de meest kwetsbare mensen en versterken en verduurzamen van de internationale economische positie van Nederland. Dat is de agenda van @SigridKaag. Volg vanaf 10.15 uur het debat met de Tweede Kamer over de plannen voor komend jaar: https://t.co/phFSOX4Eis https://t.co/195Q1eJqPg,,15,20015,340,0.02,2806,0,21,8,0,0,0.14
https://twitter.com/MinBZ/status/1321370747131015171,09:38:30,2020-10-28,2020,,"@sidonia2019 Beste Sidonia, kun je ons laten weten welke links niet werken. Dan kunnen we deze foute links z.s.m. herstellen. Dank! ^SD",,0,176,5,0.03,0,0.01,0,1,0,0,0
https://twitter.com/MinBZ/status/1321405270178828290,11:55:41,2020-10-28,2020,,"Water as Leverage bevordert duurzame economische ontwikkeling van stedelijke gebieden, door uitdagingen op het terrein van waterbeheer te benutten als kans voor projectontwikkeling. En daarmee heeft het programma een Dutch Design Award gewonnen! Lees meer: https://t.co/YJODjgTp47 https://t.co/1fLAC2DZMW",,3,6274,79,0.01,0,0,11,1,0,0,0
https://twitter.com/MinBZ/status/1321746216594657280,10:30:29,2020-10-29,2020,,"@sidonia2019 Veel dank Sidonia, we zullen deze links herstellen. ^SD",,0,144,3,0.02,0,0,1,0,0,0.01,0
https://twitter.com/MinBZ/status/1321749055760818181,10:41:46,2020-10-29,2020,,"@Naituutstad Beste Richard, in ons reisadvies voor Duitsland (https://t.co/UvmQo6lKgT) kun je o.m. lezen dat alle reizigers uit NL een negatieve coronatest moeten tonen. Reizen naar 10  grote Duitse steden wordt ontraden. ^SD",,0,169,11,0.07,0,0,0,0,0,0,0
https://twitter.com/MinBZ/status/1321752348767723520,10:54:51,2020-10-29,2020,,"@aandewand Beste, de quarantaineregels gelden inderdaad voor alle reizigers die vanaf 28 oktober 0:00 uur vanuit Itali√´ naar Nederland reizen. Informatie over thuisquarantaine (+ uitzonderingen) kun je vinden op: https://t.co/9vk1bQ2szt ^SD",,0,148,5,0.03,0,0,1,0,0,0.01,0
https://twitter.com/MinBZ/status/1321781973489209345,12:52:34,2020-10-29,2020,,"De wereld is de afgelopen tijd totaal veranderd, ook voor internationale ondernemers. Consul-generaal Dirk Janssen legt uit hoe het consulaat-generaal in San Francisco  Nederlandse ondernemers in het buitenland ondersteunt in tijden van corona: https://t.co/2GwtUdM8qV https://t.co/vMGGI3wuFe",,4,5818,85,0.01,0,0,16,0,0,0,0
https://twitter.com/MinBZ/status/1321793124151283712,13:36:53,2020-10-29,2020,,RT @ministerBlok: Geschokt en verontwaardigd over de terroristische aanslag in Nice. Mijn gedachten gaan uit naar de familieleden van de sl‚Ä¶,,0,0,0,,0,,0,0,,,
https://twitter.com/MinBZ/status/1321793160276824066,13:37:01,2020-10-29,2020,,"RT @SigridKaag: Mijn verstand staat stil bij de haat en gruwelijke moordlust van deze islamistische terrorist.

Mijn gedachten zijn bij de‚Ä¶",,0,0,0,,0,,0,0,,,
https://twitter.com/MinBZ/status/1321864445744848898,18:20:17,2020-10-29,2020,"corona, Galjaardprijs, Pubcom20","Ons ambassadeteam in Madrid werkt keihard om Nederlanders in Spanje op de hoogte te houden van alles rond #corona. Vandaag kregen ze daarvoor een parel uitgereikt van de jury van de #Galjaardprijs. Gefeliciteerd @JanVersteegBZ en collega‚Äôs!
#Pubcom20 https://t.co/KcHWNbgbfh",,4,10938,328,0.03,2305,0,41,1,0,0,0.21
https://twitter.com/MinBZ/status/1321864448802521089,18:20:18,2020-10-29,2020,,Wil je meer weten over de Galjaardparel die de ambassade heeft gewonnen? Scrol naar het midden van dit bericht: https://t.co/rfMlk2XWHo,,0,4018,34,0.01,0,0,2,0,0,0,0
https://twitter.com/MinBZ/status/1322141223960850432,12:40:06,2020-10-30,2020,"UN75, ShapingOurFutureTogether","üá∫üá≥ ‚ÄòJij bent de Verenigde Naties. En de Verenigde Naties is van jou.‚Äô

#UN75 #ShapingOurFutureTogether

Bekijk de viering van 75 jaar VN in het Vredespaleis: https://t.co/SuJrveXnMP",,9,8083,130,0.02,1150,0,13,3,0,0,0.14
https://twitter.com/MinBZ/status/1322212171095441408,17:22:01,2020-10-30,2020,youthatheart,"De coronapandemie stelt jongeren wereldwijd voor uitdagingen. 

Eriss Khajira is documentairemaker en activist. Vanuit haar woonplaats Nairobi vertelt ze hoe haar leven en dat van haar leeftijdsgenoten veranderd is: 

(Link in het Engels) https://t.co/gyPiy5hn3o 

#youthatheart https://t.co/FN33uUOe2E",,2,4826,58,0.01,651,0,10,0,0,0,0.13
https://twitter.com/MinBZ/status/1322546873966747648,15:32:01,2020-10-31,2020,YouthatHeart,"Rocky Hehakaija zet zich met @favelastreet wereldwijd in voor jongeren in achterstandswijken.

A.s. maandag trapt ze het #YouthatHeart virtual forum af. Zorg dat je erbij bent en praat mee met en voor jongeren over werk, scholing en meer: https://t.co/ibjwDkdBiI https://t.co/0Q6tMoYJoW",,15,16737,425,0.03,3016,0,27,4,0,0,0.18
https://twitter.com/MinBZ/status/1323152673756119048,07:39:15,2020-11-02,2020,YouthatHeart,"Vandaag om 13:00 gaan we live met het #YouthatHeart virtual forum! 
Praat mee over jongeren, participatie, werk en onderwijs.

Registreren kan nog tot aanvang. Daarna zijn de verschillende sessies live te volgen op ons Youtubekanaal.

https://t.co/R0hGYbXDee https://t.co/n7nBODfDeH",,6,7557,120,0.02,0,0,18,1,0,0,0
https://twitter.com/MinBZ/status/1323234904042254337,13:06:00,2020-11-02,2020,youthatheart,"We zijn live! 
Kijk nu mee met de opening van d√© online jongerenconferentie Youth at Heart:
https://t.co/s44FI6LkRO  

#youthatheart @SigridKaag @ChrisNdonga @IkennaAzuike @HajarYagkoubi  @MertKumru_UN @YouthAmbSRHR @favelastreet @tijmenrooseboom https://t.co/qwsJokRYS0",,8,6850,134,0.02,0,0,12,1,0,0,0
https://twitter.com/MinBZ/status/1323253817165697024,14:21:09,2020-11-02,2020,,"@liannasarkisia1 @SigridKaag  @IkennaAzuike @HajarYagkoubi @MertKumru_UN @YouthAmbSRHR @tijmenrooseboom, heb je je vooraf opgegeven voor deelname? Dat was namelijk nodig om actief mee te doen en vragen te stellen. Het volgen van de sessies kan wel zonder registratie. ^MK",,0,212,2,0.01,0,0,0,1,0,0,0
https://twitter.com/MinBZ/status/1323258486705315841,14:39:42,2020-11-02,2020,,@liannasarkisia1 @SigridKaag @IkennaAzuike @HajarYagkoubi @MertKumru_UN @YouthAmbSRHR @tijmenrooseboom dan heb je als het goed is een email met een link ontvangen. Is die misschien in je spamfilter blijven hangen? ^MK,,0,215,1,0,0,0,0,0,0,0,0
https://twitter.com/MinBZ/status/1323278075392630784,15:57:33,2020-11-02,2020,,"Wat zijn de uitdagingen voor jongeren op de arbeidsmarkt, zeker nu, ten tijde van COVID-19? Wat gebeurt er om ze daarbij te helpen? 

Jongeren en beleidsmakers gaan hierover in gesprek: https://t.co/uNKrCmVrps 

@ILO @DecentJobsYouth @IloProspects @GuyRyder @tijmenrooseboom https://t.co/DXR99vfjD3",,0,5471,48,0.01,0,0,7,0,0,0,0
https://twitter.com/MinBZ/status/1323286948321103872,16:32:48,2020-11-02,2020,,"@Ellenvr76 Je kan bellen met ons contactcentre (24/7 bereikbaar), dat communiceert in dit geval het makkelijkste: +31 247 247 247
^TB",,0,212,1,0,0,0,0,1,0,0,0
https://twitter.com/MinBZ/status/1323545381402218496,09:39:43,2020-11-03,2020,,"@SchipholWatch @KersArjan @MinPres @hugodejonge @TUINederland @ANVR 

Beste Arjan,

Dat is zeker waar. Maar ook zijn er in veel landen beperkingen voor Nederlanders bijv.: verplichte quarantaine. Ook kan de gezondheidssituatie in een land veranderen tijdens je verblijf. ^AC",,1,573,39,0.07,0,0,1,1,0,0,0
https://twitter.com/MinBZ/status/1323555944584880128,10:21:42,2020-11-03,2020,NLItaly,"Met de opening van de virtuele handelsmissie Itali√´ koppelt minister Kaag ruim 30 Nederlandse en meer dan 100 Italiaanse bedrijven op het gebied van circulaire economie. Met speciale aandacht voor watertechnologie en duurzame mode en textiel. #NLItaly

https://t.co/67v2cBGgaD https://t.co/m8aaHcrzs7",,9,10326,433,0.04,0,0,29,1,0,0,0
https://twitter.com/MinBZ/status/1323694521654366208,19:32:21,2020-11-03,2020,,"@oetsie Omdat dit het Koninkrijk der Nederlanden betreft, en daarom geen buitenland is. Zie hier het reisadvies voor het Caribisch gebied: https://t.co/W3ip0RqTWm
^TB",,0,317,17,0.05,0,0,0,0,0,0,0
https://twitter.com/MinBZ/status/1323696294678925313,19:39:24,2020-11-03,2020,,"@oetsie Dank voor je opmerking. Dit is inderdaad een onderwerp dat vaker terugkeert. Goed dat je het nog eens aankaart.
^TB",,0,342,2,0.01,0,0,0,0,0,0,0
https://twitter.com/MinBZ/status/1323714759594823683,20:52:46,2020-11-03,2020,,"@annikavisser Met een Nederlands paspoort mag je altijd naar Nederland terugkeren. Je kan het beste contact opnemen met het BZ contact center (24/7 bereikbaar) wanneer je vraag hiermee nog niet helemaal beantwoord is: https://t.co/lLSP6fjXCV
^TB",,0,361,0,0,0,0,0,0,0,0,0
https://twitter.com/MinBZ/status/1323717079527235591,21:01:59,2020-11-03,2020,,"@GpSanne Reizen naar het buitenland wordt tot half januari afgeraden, tenzij strikt noodzakelijk. Reizen is dus niet verboden, maar door contactmomenten en reisbewegingen te beperken, grijpen we in op die plaatsen waar risico op overdracht van het virus het grootst is. ^SJ",,0,596,25,0.04,0,0.01,1,3,0,0,0
https://twitter.com/MinBZ/status/1323719459937333250,21:11:27,2020-11-03,2020,,"@GpSanne Heel graag gedaan! Antwoord op deze vragen, afhankelijk van het land waarheen je wilt reizen, vind je op: https://t.co/e7kBJzylJX Op de volgende website vind je meer informatie over Corona en vliegreizen: https://t.co/VzynVbDKQt ^SJ",,0,362,7,0.02,0,0,1,1,0,0,0
https://twitter.com/MinBZ/status/1323725560502243330,21:35:41,2020-11-03,2020,coronavirus,"Het #coronavirus is in Nederland en veel andere landen nog niet onder controle. Blijf tot half januari daarom zo veel mogelijk thuis. Maak en boek geen reizen naar het buitenland, tenzij strikt noodzakelijk ‚§µÔ∏è 
https://t.co/dtTrtRrjpn https://t.co/EUfHOyF2sc",,13,12255,630,0.05,0,0,18,3,0,0,0
https://twitter.com/MinBZ/status/1323738849026166784,22:28:30,2020-11-03,2020,,"@GpSanne Lees dit reisadvies voor Frankrijk zorgvuldig door, inclusief links. De geldende regels in Frankrijk staan hier duidelijk beschreven: https://t.co/GmivjajSZS
Check ook of je verzekeraar een reis naar een oranje gebied dekt: https://t.co/ZbUVdz8s4u
^TB",,0,406,15,0.04,0,0,0,0,0,0,0
https://twitter.com/MinBZ/status/1323890509102940160,08:31:08,2020-11-04,2020,ECHR70,"Vandaag vieren we de 70e verjaardag van het Europees Verdrag voor de Rechten van de Mens. 

Het verdrag beschermt de rechten van meer dan 830 miljoen mensen. 

Ook die van u.

#ECHR70 https://t.co/fd2j0mk56E",,27,19533,429,0.02,6770,0,48,35,0,0,0.35
https://twitter.com/MinBZ/status/1324383027636637699,17:08:14,2020-11-05,2020,,RT @247BZ: Het coronavirus is in Nederland en veel andere landen nog niet onder controle. Blijf daarom zoveel mogelijk thuis. En reis niet‚Ä¶,,0,0,0,,0,,0,0,,,
https://twitter.com/MinBZ/status/1325790188191313921,14:19:47,2020-11-09,2020,,"RT @NL_Digitaal: Vandaag was de vruchtbare kick-off om een Werkgroep Digitalisering (WDG) op te richten tussen Singapore en Nederland.

De‚Ä¶",,0,0,0,,0,,0,0,,,
https://twitter.com/MinBZ/status/1325888813890215936,20:51:41,2020-11-09,2020,CEDAW,"Vandaag is de Nederlandse prof. Corinne Dettmeijer-Vermeulen, gekozen als onafhankelijk expert van het Comit√© tegen Vrouwendiscriminatie (#CEDAW). Veel dank aan statenpartijen voor hun steun en wij wensen @CDettmeijer veel succes. https://t.co/wlhSXTRiyv",,12,16268,392,0.02,0,0,74,3,0,0,0
https://twitter.com/MinBZ/status/1326125041269035008,12:30:22,2020-11-10,2020,,"@Cees46597441 Beste Cees, in het reisadvies van het NLse Ministerie van BuZa hebben de Canarische eilanden ""code geel"" (https://t.co/DjRk4Uz8Tp). Maar het algemene reisadvies luidt: maak en boek geen reizen naar het buitenland tot half januari 2021. ^SD",,0,351,2,0.01,0,0,0,0,0,0,0
https://twitter.com/MinBZ/status/1326138246070493185,13:22:50,2020-11-10,2020,,"@elixialeo Beste Elixia, je kunt je adresgegevens doorgeven via: https://t.co/PGNLyyoGDy ^SD",,0,295,1,0,0,0,0,0,0,0,0
https://twitter.com/MinBZ/status/1326186836314775552,16:35:55,2020-11-10,2020,,"Morgen debatteert de Tweede Kamer over de begroting Buitenlandse Zaken. 

We zetten ons in voor de belangen van Nederlanders, in Europa en daarbuiten: door duizenden gestrande reizigers te helpen dit voorjaar. Maar ook door de Europese economie en interne markt te versterken. https://t.co/AXUY0bUntQ",,8,8223,115,0.01,0,0,11,2,0,0,0
https://twitter.com/MinBZ/status/1326187072185634827,16:36:52,2020-11-10,2020,,"Misdaden mogen niet onbestraft blijven. Daarom hebben we Syri√´ aansprakelijk gesteld voor grove mensenrechtenschendingen en Rusland voor het neerhalen van MH17. 

Ook maken we ons hard voor een EU-mensenrechten sanctieregime. https://t.co/G11d14TRg1",,1,5777,56,0.01,0,0,10,7,0,0,0
https://twitter.com/MinBZ/status/1326463748295577602,10:56:16,2020-11-11,2020,,"Vandaag en morgen debatteert de Tweede Kamer over de begroting Buitenlandse Zaken. üåç

Kijk vanaf 11.00 live mee op: https://t.co/phFSOX4Eis https://t.co/UuKO0kbCQH",,4,5847,41,0.01,0,0,4,0,0,0,0
https://twitter.com/MinBZ/status/1326466046283427842,11:05:24,2020-11-11,2020,,"@LuucMan Beste Luuc, het advies van de regering luidt: maak en boek geen reizen naar het buitenland tot medio januari, tenzij strikt noodzakelijk. De kleur van de reisadviezen blijft daarom oranje. Meer informatie kun je vinden op:  https://t.co/EqNalQzoqo ^SD",,0,296,5,0.02,0,0,0,0,0,0,0
https://twitter.com/MinBZ/status/1326474051355897856,11:37:13,2020-11-11,2020,,Minister @SigridKaag sprak met de Surinaamse minister Ramdin en Nederlandse &amp; Surinaamse ondernemers over zakendoen in Suriname. Daarbij kwam o.a. het Surinaamse ondernemersbeleid aan de orde en werden o.l.v. @JorgenRaymann praktijkervaringen uitgewisseld: https://t.co/qs4uaFJgAF https://t.co/0EoWLyfjAx,,4,6902,293,0.04,0,0,14,0,0,0,0
https://twitter.com/MinBZ/status/1326560365568798725,17:20:12,2020-11-11,2020,"RaadvanKinderen, kindinclusie","De #RaadvanKinderen adviseerde minister Kaag over het bestrijden van kinderarbeid door de inzet van o.a. consumentenvoorlichting door kinderen, samenwerking en transparantie binnen de productieketen en het gebruik van technologie. Ook de rol van @MinBZ kwam aan bod. #kindinclusie https://t.co/YXXOBzTYyP",,5,6967,177,0.03,0,0,15,0,0,0,0
https://twitter.com/MinBZ/status/1326931364059508738,17:54:25,2020-11-12,2020,,"Straks vervolgt de Tweede Kamer het debat over de begroting Buitenlandse Zaken. üåç

Kijk vanaf 18.30 live mee op: https://t.co/phFSOX4Eis https://t.co/xTlG4h6bIe",,1,5068,56,0.01,0,0,3,1,0,0,0
https://twitter.com/MinBZ/status/1327183604179460097,10:36:43,2020-11-13,2020,,"@Pepie_001 Meer informatie daarover is hier te vinden: https://t.co/6w27IQHzSs. Vragen hierover kunnen worden gesteld aan @ministerieJenV
^TB",,0,720,12,0.02,0,0,0,0,0,0,0
https://twitter.com/MinBZ/status/1328787950637867011,20:51:49,2020-11-17,2020,,RT @247BZ: Het aantal coronabesmettingen daalt. Maar we zijn er nog niet. Het advies blijft: reis alleen naar het buitenland als dat strikt‚Ä¶,,0,0,0,,0,,0,0,,,
https://twitter.com/MinBZ/status/1329300242446110720,06:47:29,2020-11-19,2020,Brexit,"RT @ministerBlok: Zorg dat #Brexit je niet in de weg zit.

Check de gevolgen op https://t.co/eytAlAwphK https://t.co/5blwPtrgpN",,0,0,0,,129880,,0,0,,,
https://twitter.com/MinBZ/status/1329358377953144832,10:38:30,2020-11-19,2020,Sinterklaas,Ook voor kinderen die niet in Nederland wonen is er een manier om hun tekeningen bij #Sinterklaas te krijgen - via onze ambassadeurs wereldwijd üåéüåèüåç: https://t.co/8yE1Dm8DsM,,5,6645,70,0.01,0,0,20,0,0,0,0
https://twitter.com/MinBZ/status/1329371403473334272,11:30:15,2020-11-19,2020,,"@HiskeRidder Beste Hiske, zoals je weet zijn de onderhandelingen met het VK over Brexit nog niet afgerond. Meer informatie over het Brexitdossier en de mogelijke gevolgen voor de Nederlandse visserijsector kun je vinden op: https://t.co/ZJuhISArXB ^SD",,1,581,2,0,0,0,0,0,0,0,0
https://twitter.com/MinBZ/status/1329449482312953858,16:40:31,2020-11-19,2020,CES,"In januari zijn 80 Nederlandse bedrijven bij de grootste techbeurs ter wereld: de Consumer Electronics Show (#CES )

Buitenlandse Zaken en @MinisterieEZK helpen de deelnemers aan aandacht en contacten, ook nu door corona de hele beurs digitaal is: 

https://t.co/kjZ7D7QSgh",,6,14358,91,0.01,0,0,5,2,0,0,0
https://twitter.com/MinBZ/status/1329735917645537280,11:38:42,2020-11-20,2020,dagvandeondernemer,"Buitenlandse Zaken is er voor bedrijven die ondanks de coronacrisis nieuwe kansen zien. Op de #dagvandeondernemer en alle andere dagen.
¬†¬†¬†¬†
Thermo-Electra is een van die bedrijven, @SigridKaag ging met @voorzitterMKBNL en @kon_metaalunie langs.
¬†
https://t.co/Uk2675LrYM https://t.co/A1RpVbMOp9",,1,5798,37,0.01,595,0,7,0,0,0,0.1
https://twitter.com/MinBZ/status/1329762827096100865,13:25:38,2020-11-20,2020,internetconsultatie,"Een open, vrij en veilig internet is een groot goed. Maar online uitingen kunnen ook schade aanrichten. @AIV_advies  pleit voor een herijking van het Nederlandse internetbeleid. @MinBZ schrijft een reactie. Idee√´n? 

Doe mee aan de #internetconsultatie. https://t.co/krcXMCkVR9",,19,8899,270,0.03,0,0,16,2,0,0,0
https://twitter.com/MinBZ/status/1329783705175527427,14:48:36,2020-11-20,2020,,RT @RVO_Nederland: Vandaag is het Dag van de Ondernemer. Zeker in deze tijden is het belangrijk om stil te staan bij het belang van MKB‚Äôers‚Ä¶,,0,0,0,,0,,0,0,,,
https://twitter.com/MinBZ/status/1329820295176343560,17:13:59,2020-11-20,2020,dagvandeondernemer,"Wil jij met jouw onderneming naar het buitenland, en wil je eerst de markt verkennen? Geen betere dag dan de #dagvandeondernemer om je in te schrijven voor een van de vele digitale handelsmissies ‚û°Ô∏è
(Foto is pre-corona)

https://t.co/Qo1D5LhkAL https://t.co/koS9jVRXTi",,0,4115,53,0.01,0,0,5,1,0,0,0
https://twitter.com/MinBZ/status/1330812527920476164,10:56:46,2020-11-23,2020,"OS2024, handelsmissie, internationaalondernemen","Als ondernemer bijdragen aan de #OS2024 in Parijs? Schrijf je dan in voor de digitale #handelsmissie met minister @SigridKaag op 9 en 10 december. 

Lees hier welke kansen @NLenFrance in Frankrijk ziet voor Nederlanders die #internationaalondernemen:

https://t.co/XEW8sIrRFJ https://t.co/UATL554Quq",,8,10605,91,0.01,0,0,13,0,0,0,0
https://twitter.com/MinBZ/status/1330822005193633792,11:34:26,2020-11-23,2020,,"@LeDevious Als er op 1 januari 2021 geen nieuw handelsakkoord is, veranderen de regels. Hier kan je meer informatie vinden voor burgers: https://t.co/m9D0Xq6Uh2 
Voor ondernemers is hier meer informatie te vinden: https://t.co/gmMgdPJx6p
^TB",,0,210,9,0.04,0,0,0,0,0,0,0
https://twitter.com/MinBZ/status/1331153240503832581,09:30:38,2020-11-24,2020,,"Vanaf 1 januari is zakendoen met het Verenigd Koninkrijk helemaal anders.

Ben je ondernemer met vragen over zakendoen met het Verenigd Koninkrijk? Stel je vragen hieronder. @SigridKaag en @MonaKeijzer beantwoorden ze volgende week maandag live om 12.30 üé• https://t.co/rJYQLphr1q",,7,10292,119,0.01,0,0,12,1,0,0,0
https://twitter.com/MinBZ/status/1331288644104183809,18:28:41,2020-11-24,2020,Afghanistan2020,"Afghanistan is er na jaren van oorlog nog niet bovenop. 

Op de Afghanistan-conferentie in Gen√®ve heeft Nederland daarom 200 miljoen euro toegezegd voor hulp aan de mensen in het land. Wel zijn er voorwaarden: mensenrechten, corruptiebestrijding. 
#Afghanistan2020 https://t.co/T9lZ43uxW8",,11,250339,2627,0.01,30451,0,30,211,0,0,0.12
https://twitter.com/MinBZ/status/1331534772204605443,10:46:43,2020-11-25,2020,,"@martijnderoo Beste Martijn, helaas kunnen we niet voorspellen wanneer het reisadvies voor het VK herzien wordt. Houdt eventuele wijzigingen in de gaten via: https://t.co/Y1bKwGhjZT of download de BZ Reisapp. ^SD",,0,118,6,0.05,0,0,1,0,0,0.01,0
https://twitter.com/MinBZ/status/1331604563942649856,15:24:02,2020-11-25,2020,,@MensSana14 Je kunt tot en met 30 september 2021 met een identiteitskaart (ID-kaart) naar het Verenigd Koninkrijk reizen. Vanaf 1 oktober 2021 heb je een geldig paspoort nodig. ^SD,,0,201,4,0.02,0,0,0,1,0,0,0
https://twitter.com/MinBZ/status/1331659243313897474,19:01:19,2020-11-25,2020,"OrangeTheWorld, 16DaysOfActivism","Gender gerelateerd geweld komt voor in elk land, elke cultuur en elke gemeenschap. Alleen samen kunnen we dit veranderen. Nederland komt op voor slachtoffers van gender gerelateerd geweld. 
#OrangeTheWorld #16DaysOfActivism
@UNWomen_NL @MinOCW @NLWomensrights @PMGrotenhuis https://t.co/KTDlEDLSps",,2,4919,68,0.01,585,0,6,2,0,0,0.12
https://twitter.com/MinBZ/status/1332007559998398465,18:05:24,2020-11-26,2020,,"üá≥üá±üá¨üáßMaandag 30 november 12.30 beantwoorden Sigrid Kaag en Mona Keijzer jouw vragen over Brexit en zakendoen met het Verenigd Koninkrijk.
Stel je vraag hieronder en kijk maandag via:
üëâ Facebook - https://t.co/OqVhzgNAwW
üëâ of YouTube - https://t.co/iJs4CjiXzS https://t.co/j4HCQftEFK",,3,5219,95,0.02,740,0,7,2,0,0,0.14
https://twitter.com/MinBZ/status/1332272301841244160,11:37:23,2020-11-27,2020,,"@Rowinio @MinPres De zorgvuldigheid waarmee het ministerie de reisadviezen maakt, vergt soms veel tijd. Hierdoor kan het voorkomen dat actualiteiten in de media wel worden gemeld, maar dat je deze nog niet terugvindt in het reisadvies. Hou het reisadvies daarom in de gaten. 
^TB",,0,115,8,0.07,0,0.01,0,1,0,0,0
https://twitter.com/MinBZ/status/1332355829815783428,17:09:18,2020-11-27,2020,Benelux,"RT @beneluxunion: Tijdens meeting met @StefBlok, voorzitter van het #Benelux Comit√© van Ministers, besprak het College van Benelux-secretar‚Ä¶",,0,0,0,,0,,0,0,,,
https://twitter.com/MinBZ/status/1332373005918461952,18:17:33,2020-11-27,2020,,"@Rowinio @MinPres We begrijpen dat dit heel vervelend voor je is. Misschien kan deze informatie nog helpen: https://t.co/PPFVr5Hz2R
^TB",,0,107,13,0.12,0,0,1,0,0,0.01,0
https://twitter.com/MinBZ/status/1333119003804524552,19:41:53,2020-11-29,2020,Brexit,"üá≥üá±üá¨üáßBeste ondernemers, morgen 12.30u geven @SigridKaag en @MonaKeijzer live antwoord op jullie vragen over #Brexit en zakendoen met het Verenigd Koninkrijk. 

üì∫ Kijk live mee via:
üëâ Facebook - https://t.co/OqVhzgNAwW
üëâ of YouTube - https://t.co/iJs4CjiXzS https://t.co/0PgRnCXC0Y",,3,5025,73,0.01,0,0,3,0,0,0,0
https://twitter.com/MinBZ/status/1333326463026728960,09:26:15,2020-11-30,2020,Brexit,"üá≥üá±üá¨üáß Straks om 12.30u geven @SigridKaag en @MonaKeijzer live antwoord op alle vragen over #Brexit en zakendoen met het Verenigd Koninkrijk. 

üì∫ Kijk live mee via:
üëâ Facebook - https://t.co/OqVhzgNAwW
üëâ of YouTube - https://t.co/iJs4CjiXzS https://t.co/WOGejTHR9Y",,8,10603,171,0.02,0,0,9,0,0,0,0
https://twitter.com/MinBZ/status/1333708460760985608,10:44:10,2020-12-01,2020,,"@BrianMa84334383 Beste BrianMa, de Brexit heeft tot gevolg dat we nieuwe afspraken moeten maken over bijvoorbeeld toegang tot elkaars wateren, de verdeling van quota, handel en visserijonderzoek. Meer informatie kun je vinden op: https://t.co/yc1eErCpsK ^SD",,0,176,8,0.05,0,0,0,0,0,0,0
https://twitter.com/MinBZ/status/1333721632649715712,11:36:31,2020-12-01,2020,WorldAIDSDay,RT @SigridKaag: 12.6 miljoen mensen die leven met hiv hebben nog geen toegang tot behandeling. Deze #WorldAIDSDay staat het recht op gezond‚Ä¶,,0,0,0,,0,,0,0,,,
https://twitter.com/MinBZ/status/1333769128319053825,14:45:15,2020-12-01,2020,,"Waarop moet ik voorbereid zijn op 1 januari? Onze ambassadeur in het VK @KvanOosterom zet in dit interview met evofenedex de (mogelijke) gevolgen van de Brexit op een rij. ‚ÄúE√©n ding is zeker: er komen nieuwe grensformaliteiten met het VK.‚Äù 
 
https://t.co/8FldqN7wmL https://t.co/hGfGA4rLta",,4,4856,88,0.02,0,0,8,0,0,0,0
https://twitter.com/MinBZ/status/1333782475143712769,15:38:17,2020-12-01,2020,,"Veilig drinkwater is een eerste levensbehoefte. Maar problemen door wateroverlast of juist -schaarste nemen wereldwijd toe. Daarom is het goed nieuws dat de VN in 2023 voor het eerst in 50 jaar een waterconferentie organiseren, onder voorzitterschap van Nederland en Tadzjikistan. https://t.co/6xehffqZP9",,1,5261,38,0.01,0,0,6,1,0,0,0
https://twitter.com/MinBZ/status/1334044843652296705,09:00:50,2020-12-02,2020,,Vandaag het vervolg van het Kamerdebat met minister @SigridKaag over de begroting voor Buitenlandse Handel en Ontwikkelingssamenwerking. Kijk vanaf 10.30 uur hier naar de plannen voor komend jaar: https://t.co/phFSOX4Eis https://t.co/pQVS4PNZhK,,5,21311,164,0.01,1815,0,10,4,0,0,0.09
https://twitter.com/MinBZ/status/1334078826985492481,11:15:52,2020-12-02,2020,,"Minister @SigridKaag: ‚ÄòCorona heeft de wereld de afgelopen tijd drastisch veranderd, ook voor ondernemers. Nederland helpt hen met soepele betalingstermijnen &amp; meer exportkredietverzekeringen. Wereldwijd staan onze ambassades klaar voor NL‚Äôse ondernemers.‚Äô https://t.co/phFSOX4Eis https://t.co/fiIQSGDogo",,5,21183,220,0.01,1315,0,11,7,0,0,0.06
https://twitter.com/MinBZ/status/1334082027038142465,11:28:35,2020-12-02,2020,,"‚ÄòHet aantal mensen dat in armoede leeft komt dit jaar mogelijk tot boven de 700 miljoen. Ook het aantal mensen dat honger lijdt, en het aantal kinderen dat niet naar school gaat stijgt. Jaren van armoedebestrijding worden in √©√©n klap ongedaan gemaakt.‚Äô https://t.co/phFSOX4Eis https://t.co/YJEmRmeedh",,5,22100,219,0.01,1457,0,9,5,0,0,0.07
https://twitter.com/MinBZ/status/1334090728134340608,12:03:10,2020-12-02,2020,,Minister @SigridKaag: ‚ÄòMet verschillende programma‚Äôs helpt Nederland in de Hoorn van Afrika kwetsbare jongeren aan beter werk. En met de jongerenstrategie ‚ÄúYouth at Heart‚Äù investeren wij wereldwijd in de volgende generatie.‚Äô https://t.co/phFSOX4Eis https://t.co/sjQpUqWxtw,,20,109874,1733,0.02,14418,0,47,181,0,0,0.13
https://twitter.com/MinBZ/status/1334097154424573953,12:28:42,2020-12-02,2020,,Minister @SigridKaag: ‚ÄòDe klimaatcrisis raakt ons allemaal. Ontwikkelingslanden hebben onze steun nodig om zich aan te passen aan onafwendbare klimaatverandering. Daarom investeert Nederland in duurzame landbouw in ontwikkelingslanden.‚Äô https://t.co/phFSOX4Eis https://t.co/ZRu50I1mFT,,11,26792,593,0.02,3312,0,28,29,0,0,0.12
https://twitter.com/MinBZ/status/1334221057830637574,20:41:03,2020-12-02,2020,Libanon,"Nederland geeft extra steun aan kwetsbare groepen in #Libanon. Door de coronapandemie en de explosie in Beiroet is de situatie in Libanon verslechterd. De extra financi√´le steun is bestemd voor vluchtelingen, voedselzekerheid en psychosociale hulp. https://t.co/LuxigGJS8B",,9,5259,136,0.03,0,0,7,3,0,0,0
https://twitter.com/MinBZ/status/1334827321539309568,12:50:08,2020-12-04,2020,BHOS,"Deze week debatteerde de Tweede Kamer met minister @SigridKaag over de begroting Buitenlandse Handel en Ontwikkelingssamenwerking #BHOS. Wil je meer weten over de uitgangspunten van het Nederlandse BHOS-beleid, kijk dan hier: https://t.co/uiDZa3sSrM https://t.co/31fGRmeryB",,1,4367,102,0.02,616,0,11,2,0,0,0.14
https://twitter.com/MinBZ/status/1334882430713466883,16:29:07,2020-12-04,2020,HumanRights,"Iedereen doet er toe! Ongeacht huidskleur, geslacht, achtergrond of geloof‚Ä¶

Nederland zet zich in voor gelijke rechten wereldwijd.

Volgende week staat in het teken van #HumanRights en wordt de mensenrechtentulp uitgereiktüå∑

Meekijken kan hier: https://t.co/jM4piZBBPe https://t.co/048uWliz3S",,4,4464,103,0.02,557,0,13,10,0,0,0.12
https://twitter.com/MinBZ/status/1335616609961062401,17:06:29,2020-12-06,2020,PressFreedom,"Persvrijheid staat wereldwijd steeds vaker onder druk. Maar journalisten moeten vrij zijn hun werk te doen. Waar dan ook.

Registreer je nu voor de digitale World Press Freedom Conference 2020, 9 en 10 december in Den Haag. 

‚û°Ô∏è Geef je op:
https://t.co/jYg3S8DHoV

#PressFreedom https://t.co/YSwnYNzkeO",,7,6124,131,0.02,749,0,13,11,0,0,0.12
https://twitter.com/MinBZ/status/1335961156268290051,15:55:35,2020-12-07,2020,HumanRights,"Donderdag is de uitreiking van de mensenrechtenüå∑

Finalist TZKAT, een groep feministische helers, helpen vrouwen in Guatemala ongewilde zwangerschappen voorkomen, leren ze lezen en... helen üôå

Wie wint volgens jou de #HumanRights üå∑? ‚¨áÔ∏è

(Engels)
https://t.co/jF84yVXadP https://t.co/ccp2Mep15C",,3,4871,41,0.01,0,0,6,0,0,0,0
https://twitter.com/MinBZ/status/1336294644964057088,14:00:45,2020-12-08,2020,,"RT @ministerBlok: Morgen ben ik aanwezig bij de World Press Freedom conferentie. Journalisten moeten wereldwijd beter beschermd worden, zod‚Ä¶",,0,0,0,,0,,0,0,,,
https://twitter.com/MinBZ/status/1336358194013229056,18:13:16,2020-12-08,2020,LHBTI,"@LilitMa55887800 is √©√©n van de drie genomineerden voor de mensenrechtentulpüå∑, vanwege haar inzet voor gelijke rechten voor de #LHBTI-gemeenschap.
Ze sprak als eerste transvrouw voor het Armeense parlement‚¨áÔ∏è

Schrijf je in voor de uitreiking van donderdag:
https://t.co/jM4piZBBPe https://t.co/an5ZNGLqU3",,0,1541,93,0.06,185,0,1,1,0,0,0.12
https://twitter.com/MinBZ/status/1336386642668642320,20:06:19,2020-12-08,2020,LHBTI,"Martirosyan is √©√©n van de drie genomineerden voor de mensenrechtentulpüå∑, vanwege haar inzet voor gelijke rechten voor de #LHBTI-gemeenschap.

Ze sprak als eerste transvrouw voor het Armeense parlement‚¨áÔ∏è

Schrijf je in voor de uitreiking van donderdag: https://t.co/mF94BUB1jG https://t.co/xJ9pSxrJED",,2,4478,123,0.03,844,0,9,1,0,0,0.19
https://twitter.com/MinBZ/status/1336390579148697601,20:21:57,2020-12-08,2020,,RT @247BZ: Het aantal coronabesmettingen blijft te hoog. Blijf de feestdagen dus zoveel mogelijk thuis. En reis tot half januari niet naar‚Ä¶,,0,0,0,,0,,0,0,,,
https://twitter.com/MinBZ/status/1336580622836518913,08:57:07,2020-12-09,2020,,"@victorCuba6 Dear Victor, thank you for your message. We noticed your tweet about the mistake that was made. We are happy this issue has been resolved. ^SD",,0,75,6,0.08,0,0.01,1,1,0,0.01,0
https://twitter.com/MinBZ/status/1336590623000944641,09:36:51,2020-12-09,2020,Parijs2024,"Wat een handelsmissie oplevert? Architect @VenhoevenCS won met 2 Franse partners al de bouw van dit duurzame Olympisch zwembad.

Vandaag start de digitale handelsmissie voor ondernemers die ook kansen zien in #Parijs2024
üì∑Proloog

Ook op handelsmissie? ‚§µÔ∏è
https://t.co/aedBjT0poq https://t.co/1kqevYbYKO",,7,28163,330,0.01,0,0,12,5,0,0,0
https://twitter.com/MinBZ/status/1336639418376007680,12:50:45,2020-12-09,2020,PressFreedom,"Jaarlijks worden tientallen journalisten gedood, en nog veel meer worden belemmerd in hun werk. De daders worden meestal niet gestraft. Om 17.30 hoor je in een high level panel wat Minister Blok daartegen wil doen. Kijk mee via: https://t.co/95KLXGoKQb
#PressFreedom https://t.co/egrckYlQwQ",,4,4434,107,0.02,0,0,11,1,0,0,0
https://twitter.com/MinBZ/status/1336659762793025537,14:11:36,2020-12-09,2020,HumanRights,"Wint de SPA morgen de Mensenrechtentulp?üå∑

De SPA, een groep vakbonden met oa journalisten, zorgde dat onvrede in het dictatoriale Sudanese regime omsloeg naar revolutie. 

Directe aanleiding: onvrede over de prijs van brood &amp; boter.

Meer‚¨áÔ∏è
https://t.co/jvUloBrHTi

#HumanRights https://t.co/XVbcwKjdLc",,0,3844,54,0.01,0,0,3,1,0,0,0
https://twitter.com/MinBZ/status/1336722562315935744,18:21:08,2020-12-09,2020,,"Vandaag publiceerden @FD_Nieuws en @FT een artikel van @ministerBlok. Hij schreef: ‚ÄòEen aanval op journalisten is een aanval op ons allen‚Äô.

Vandaag en morgen is hij bij een speciale conferentie over dit onderwerp, de World Press Freedom Conference ‚§µÔ∏è
https://t.co/jYg3S8DHoV https://t.co/iLttmtWjFr",,2,4345,95,0.02,0,0,11,1,0,0,0
https://twitter.com/MinBZ/status/1336773937804546049,21:45:17,2020-12-09,2020,,"Meer dan 50 landen hebben vandaag in een verklaring toegezegd onafhankelijk onderzoek en vervolging in te stellen tegen alle vormen van aanvallen op journalisten en mediapersoneel. 

Dat deden ze tijdens de World Press Freedom Conference: https://t.co/B8p56FYsPA",,10,8915,185,0.02,0,0,27,3,0,0,0
https://twitter.com/MinBZ/status/1337015367957434369,13:44:38,2020-12-10,2020,,"Een veilige plek waar bedreigde mensenrechtenverdedigers op adem kunnen komen. Dat biedt Shelter City. Minister Blok heeft aangekondigd dat er jaarlijks 2 plekken in NL bij komen de komende 5 jaar, specifiek voor journalisten in nood. Lees hier verder: https://t.co/kM9Byrk3jO https://t.co/qFHkaHjLnx",,5,4865,105,0.02,675,0,16,2,0,0,0.14
https://twitter.com/MinBZ/status/1337045521211527168,15:44:28,2020-12-10,2020,"ShelterCity, HumanRightsDay","Het #ShelterCity programma vangt mensenrechtenverdedigers op, om even op adem te komen in üá≥üá±

Zoals Czarina, advocaat uit de Filipijnen. Ze verdedigt daar de kwetsbaren en is daardoor niet meer veilig in het land.

Onze speciale verslaggevers bezochten haar:

#HumanRightsDay https://t.co/6YXTcbIM8y",,0,3968,38,0.01,391,0,5,0,0,0,0.1
https://twitter.com/MinBZ/status/1337055947395657731,16:25:53,2020-12-10,2020,HumanRightsDay,"Iedereen doet er toe! Ongeacht huidskleur, geslacht, achtergrond of geloof‚Ä¶

@ministerBlok reikt zo de mensenrechtentulp uit üå∑

Volg de uitreiking, met presentatie van Sosha Duysker, hier:

https://t.co/jM4piZBBPe

#HumanRightsDay https://t.co/VARCe6l5R2",,2,4170,37,0.01,0,0,1,1,0,0,0
https://twitter.com/MinBZ/status/1337076808580276224,17:48:47,2020-12-10,2020,"LHBTI, mensenrechten","Lilit Martirosyan, de eerste transvrouw in Armeni√´ heeft de mensenrechtentulp gewonnen. 

Ze gaf haar strijd voor rechtvaardigheid voor de trans- en #LHBTI -gemeenschap in Armeni√´ nooit op. 

Zelfs niet na doodsbedreigingen.

#mensenrechten https://t.co/xCadFqRJbZ",,2,7943,117,0.01,0,0,14,1,0,0,0
https://twitter.com/MinBZ/status/1337082947527188486,18:13:11,2020-12-10,2020,,"RT @op1npo: Minister van Buitenlandse Zaken @ministerBlok zet zich in voor wereldwijde persvrijheid, mede omdat zijn neef werd vermoord ter‚Ä¶",,0,0,0,,0,,0,0,,,
https://twitter.com/MinBZ/status/1337107033607254016,19:48:53,2020-12-10,2020,MensenRechtenDag,"Lilit Martirosyan heeft de Mensenrechtentulp gewonnenüå∑

‚ÄòLilit gaf het geweldloze pad naar verandering nooit op', zei minister Blok, 'Hopelijk helpt deze prijs Lilit om haar strijd voort te zetten.‚Äô

#MensenRechtenDag 

https://t.co/UdhHHpb6ar https://t.co/AnYVijApRg",,5,7038,165,0.02,0,0,8,0,0,0,0
https://twitter.com/MinBZ/status/1337133323223789576,21:33:21,2020-12-10,2020,Op1,"RT @op1npo: Vanavond presenteren @jortkelder en Welmoed Sijtsma namens @OmroepWNL een nieuwe #Op1! Te gast: @ministerBlok, @stepvaessen, Je‚Ä¶",,0,0,0,,0,,0,0,,,
https://twitter.com/MinBZ/status/1337163628861067264,23:33:47,2020-12-10,2020,,"RT @op1npo: Minister van Buitenlandse Zaken @ministerBlok zet zich in voor wereldwijde persvrijheid, mede omdat zijn neef werd vermoord ter‚Ä¶",,0,0,0,,0,,0,0,,,
https://twitter.com/MinBZ/status/1337330951693733888,10:38:39,2020-12-11,2020,"handelsmissie, NLinSEAsia","We kijken terug op een geslaagde virtuele #handelsmissie naar Zuidoost-Azi√´! Veel dank aan onze partners @NlinBusiness1, @NL#Enterprise, @NWPnederland, @VNONCW, @CircularHotspot, @TopsectorAF en onze partners in Maleisi√´, Singapore, Vietnam, Indonesi√´ en Thailand. #NLinSEAsia https://t.co/qMdoLOLwk8",,4,4686,53,0.01,517,0,5,3,0,0,0.11
https://twitter.com/MinBZ/status/1338214474218696705,21:09:28,2020-12-13,2020,,RT @ministerieJenV: Op sociale media gaat een lijst rond met nieuwe besluiten coronamaatregelen. Deze is onjuist. Alle actuele informatie o‚Ä¶,,0,0,0,,0,,0,0,,,
https://twitter.com/MinBZ/status/1338465710201335810,13:47:47,2020-12-14,2020,,"@yrealj Dank voor het melden. Het reisadvies wordt met zorg samengesteld. Daarom laten aanpassingen soms even op zich wachten. Daarnaast geldt het advies om tot half januari 2021 geen reizen naar het buitenland te maken, tenzij strikt noodzakelijk, https://t.co/4kUw5YxpNz
^TB",,0,128,8,0.06,0,0,0,0,0,0,0
https://twitter.com/MinBZ/status/1338570240129716224,20:43:09,2020-12-14,2020,,"RT @MinPres: Het coronavirus verspreidt zich razendsnel. Om de zorg toegankelijk te houden, moeten we onze contacten tot een minimum beperk‚Ä¶",,0,0,0,,0,,0,0,,,
https://twitter.com/MinBZ/status/1338570287445659649,20:43:20,2020-12-14,2020,,"RT @MinPres: Dat we er doorheen komen, staat voor mij vast. Vanwege het vaccin dat eraan komt, maar meer nog vanwege de veerkracht die we m‚Ä¶",,0,0,0,,0,,0,0,,,
https://twitter.com/MinBZ/status/1338574109660286976,20:58:31,2020-12-14,2020,,RT @Rijksoverheid: De website https://t.co/Da86MryWzW is nog steeds minder goed bereikbaar. Onze excuses voor het ongemak. We proberen dit‚Ä¶,,0,0,0,,0,,0,0,,,
https://twitter.com/MinBZ/status/1338578929288957952,21:17:40,2020-12-14,2020,,RT @247BZ: Tot half maart geldt: reis alleen naar het buitenland als dat echt nodig is. Dat besloot het kabinet maandag vanwege de oplopend‚Ä¶,,0,0,0,,0,,0,0,,,
https://twitter.com/MinBZ/status/1338794767669452801,11:35:20,2020-12-15,2020,,@ACHTERKAMPER97  Buitenlandse reizigers die gedurende 14 dagen in een EU-Schengenlanden (bijv. Nederland) zijn geweest mogen de volgende 14 dagen niet naar de Verenigde Staten reizen. Meer informatie is beschikbaar op: https://t.co/3jAtNyGwsJ ^SD,,0,104,3,0.03,0,0,0,0,0,0,0
https://twitter.com/MinBZ/status/1339240965245165570,17:08:22,2020-12-16,2020,"NAP1325IV, Wesign4NAP1325","Vrouwen en meisjes moeten kunnen meebeslissen over vrede, veiligheid en tegengaan van (seksueel) geweld. 

Daarover gaat het actieplan #NAP1325IV, vandaag ondertekend door ruim 60 organisaties, overheden, en @ministerBlok en @sigridkaag #Wesign4NAP1325 ‚§µÔ∏è

https://t.co/rMBGA6Aioo https://t.co/PVwILQ2aMu",,11,7128,215,0.03,0,0,33,2,0,0,0
https://twitter.com/MinBZ/status/1339504125457920000,10:34:04,2020-12-17,2020,,"RT @MinPres: Samen met mijn collega‚Äôs @alexanderdecroo uit Belgi√´ en @ArminLaschet uit Duitsland doe ik een beroep op u: restez chez soi, b‚Ä¶",,0,0,0,,0,,0,0,,,
https://twitter.com/MinBZ/status/1339510775875035142,11:00:30,2020-12-17,2020,NAP1325IV,"@666budel Beste Patrick, in het Nederlandstalige #NAP1325IV werken de Nlse overheid en NLse organisaties in nauwe samenwerking met andere overheden en partners in het buitenland aan een veiliger wereld voor vrouwen en meisjes. ^SD",,0,129,0,0,0,0,0,0,0,0,0
https://twitter.com/MinBZ/status/1339613855861895168,17:50:06,2020-12-17,2020,,"Door de ernstige situatie in Nederland is het nodig dat mensen zoveel mogelijk thuisblijven, daarom geldt voor alle landen een ‚Äòoranje‚Äô reisadvies: Ga niet op reis tenzij dat echt nodig is. https://t.co/496QAHoLgA",,1,5646,32,0.01,0,0,5,1,0,0,0
https://twitter.com/MinBZ/status/1339628448822808576,18:48:05,2020-12-17,2020,"Jemen, RodeKruis","Jemen is de grootste humanitaire crisis ter wereld. Minister Kaag sprak vandaag met het Rode Kruis, Jemenitische organisaties en de premier. 

Nederland blijft Jemen steunen met oa geestelijke gezondheidsprojecten. Lees hier meer:

https://t.co/fJ86DyYTjU

#Jemen
#RodeKruis https://t.co/DG03BBTAsZ",,3,8168,86,0.01,953,0,14,2,0,0,0.12
https://twitter.com/MinBZ/status/1339860437861609475,10:09:56,2020-12-18,2020,,"Werk voor Nederlandse ondernemers, en tegelijk andere landen helpen uitdagingen op te lossen? Dat kan heel goed samengaan: https://t.co/nlr0AIjRgt",,0,5866,20,0,0,0,1,0,0,0,0
https://twitter.com/MinBZ/status/1340200348154249216,08:40:37,2020-12-19,2020,,RT @ADnl: Bij de grote explosie in Beiroet verloor ambassadeur Jan Waltmans  zijn vrouw Hedwig Waltmans-Molier (55). 'Als we waren blijven‚Ä¶,,0,0,0,,0,,0,0,,,
https://twitter.com/MinBZ/status/1340722135648653313,19:14:01,2020-12-20,2020,,"@pvoogsgeerd Dat is vervelend. Je kan contact opnemen met het BZ contact center: https://t.co/lLSP6fjXCV
^TB",,0,99,11,0.11,0,0.01,0,1,0,0,0
https://twitter.com/MinBZ/status/1340722483901689857,19:15:24,2020-12-20,2020,,"@JItjeshorst Dat is vervelend. Je kan contact opnemen met het BZ contact center: https://t.co/lLSP6fjXCV
^TB",,0,5847,137,0.02,0,0,1,1,0,0,0
https://twitter.com/MinBZ/status/1340781947631644672,23:11:41,2020-12-20,2020,,RT @MinIenW: Geen toegang tot Nederlandse havens voor ferrypassagiers vanuit het Verenigd Koninkrijk https://t.co/gKsTFCxoM3 https://t.co/i‚Ä¶,,0,0,0,,0,,0,0,,,
https://twitter.com/MinBZ/status/1340784351894761473,23:21:14,2020-12-20,2020,,"@pvoogsgeerd @SjonHartman Heel vervelend voor je zwager, maar dit is nu de berichtgeving: https://t.co/Y1bKwGhjZT
^TB",,0,125,13,0.1,0,0.01,0,1,0,0,0
https://twitter.com/MinBZ/status/1340784804749598722,23:23:02,2020-12-20,2020,,"@JItjeshorst Heel vervelend, maar dit is nu de berichtgeving: https://t.co/Y1bKwGhjZT
^TB",,0,2242,216,0.1,0,0,4,0,0,0,0
https://twitter.com/MinBZ/status/1340969846419427329,11:38:20,2020-12-21,2020,,"@marie_hoek @MinIenW We vinden dit een hele vervelende situatie voor je. Heel verdrietig een uitvaart. Het is op dit moment niet mogelijk om vanuit het VK naar Nederland te reizen. Zoek een veilig onderkomen, zie https://t.co/Y1bKwGhjZT
We wensen je veel sterkte.
^TB",,0,202,24,0.12,0,0,1,1,0,0,0
https://twitter.com/MinBZ/status/1340971808116383747,11:46:07,2020-12-21,2020,,"@JakeButlerr Unfortunately it is currently not possible to travel from the UK to the Netherlands, see https://t.co/Y1bKwGhjZT 
^TB",,0,263,10,0.04,0,0,0,1,0,0,0
https://twitter.com/MinBZ/status/1341099836746162176,20:14:52,2020-12-21,2020,,"@FlorusdB, het is op dit moment helaas niet mogelijk om vanuit het VK naar Nederland te reizen. Wij adviseren je een veilig onderkomen te zoeken. Heb je dringende hulp nodig, neem dan contact op met ons 24/7 Contact Center +31 247 247 247. Zie ook:  https://t.co/Y1bKwGhjZT ^MK",,0,93,3,0.03,0,0.01,0,1,0,0,0
https://twitter.com/MinBZ/status/1341105291778269185,20:36:32,2020-12-21,2020,,"@FlorusdB, we snappen dat het een vervelende situatie is voor jullie. Op dit moment gelden de maatregelen tot uiterlijk 1 januari 2021. Hopelijk duurt het niet langer en lukt het jullie voor die periode een hotel te vinden en opslag voor de huisraad. ^MK",,0,121,4,0.03,0,0.01,0,1,0,0,0
https://twitter.com/MinBZ/status/1341138330302464003,22:47:49,2020-12-21,2020,,@sriramsekar At the moment we cannot say how the situation will be on 30 December. Any updates will be published on our travel advice page (in Dutch) https://t.co/pvhNPIZhtF. You may also want to check this page of the Indian embassy in The Hague: https://t.co/T401I6hcP7 ^MK,,0,91,9,0.1,0,0,0,0,0,0,0
https://twitter.com/MinBZ/status/1341144514413662215,23:12:24,2020-12-21,2020,,RT @MinIenW: Vanaf vanavond 21.00 uur vliegverbod voor vluchten met passagiers uit Zuid-Afrika üáøüá¶. Dit meldt minister @Cvnieuwenhuizen in e‚Ä¶,,0,0,0,,0,,0,0,,,
https://twitter.com/MinBZ/status/1341144855687405569,23:13:45,2020-12-21,2020,ZuidAfrika,"RT @247BZ: Reisadvies #ZuidAfrika: om verspreiding van een besmettelijke variant van Covid-19 in Nederland te voorkomen, geldt vanaf heden‚Ä¶",,0,0,0,,0,,0,0,,,
https://twitter.com/MinBZ/status/1341326772684660736,11:16:37,2020-12-22,2020,,"@JakeButlerr Hello Jake, the travel ban will remain in place until 1 January 2021 at the latest. More information is available on: https://t.co/IFDW4jgBoX ^SD",,0,76,7,0.09,0,0,0,0,0,0,0
https://twitter.com/MinBZ/status/1341381441733726213,14:53:52,2020-12-22,2020,"VerenigdKoninkrijk, ZuidAfrika","RT @247BZ: Er komen weer mogelijkheden om vanuit het #VerenigdKoninkrijk en #ZuidAfrika naar Nederland te reizen, als reizigers een negatie‚Ä¶",,0,0,0,,0,,0,0,,,
https://twitter.com/MinBZ/status/1341524241741656064,00:21:18,2020-12-23,2020,"ZuidAfrika, VerenigdKoninkrijk",RT @247BZ: Reizigers vanuit #ZuidAfrika en het #VerenigdKoninkrijk kunnen vanaf middernacht weer naar Nederland reizen als zij bij vertrek‚Ä¶,,0,0,0,,0,,0,0,,,
https://twitter.com/MinBZ/status/1341721555513077760,13:25:21,2020-12-23,2020,,@mr_Smith_Econ Vrachtwagenchauffeurs hebben geen negatieve testverklaring nodig om Nederland in te mogen. Voor werknemers in de transportsector geldt een uitzondering.  ^SD,,1,96,1,0.01,0,0,0,0,0.01,0,0
https://twitter.com/MinBZ/status/1341836243211087881,21:01:05,2020-12-23,2020,,RT @247BZ: Vanaf 29 december zijn luchtvaartmaatschappijen verplicht om alle passagiers vanaf 13 jaar op vluchten vanuit hoogrisicogebieden‚Ä¶,,0,0,0,,0,,0,0,,,
https://twitter.com/MinBZ/status/1342038365332525056,10:24:14,2020-12-24,2020,,"@TonBennink Beste Ton, NLse reizigers die in het buitenland positief getest zijn op corona, mogen niet reizen. Dus ook niet naar Nederland. Zij moeten in dat land blijven tot de klachten over zijn en de adviezen van de lokale gezondheidsdiensten opvolgen. ^SD",,0,109,2,0.02,0,0.01,0,1,0,0,0
https://twitter.com/MinBZ/status/1342091051331444739,13:53:36,2020-12-24,2020,,"@jessloftus6 Hello Jess, the test must be a molecular PCR test and must be for SARS-CoV-2/COVID-19. No other type of test, including a rapid test, is valid. ^SD",,0,181,3,0.02,0,0,0,0,0,0,0
https://twitter.com/MinBZ/status/1342155776052310020,18:10:47,2020-12-24,2020,,RT @247BZ: Tot half maart geldt: reis niet tenzij strikt noodzakelijk. En let op! Vanaf 29 december heb je in veel gevallen een negatieve P‚Ä¶,,0,0,0,,0,,0,0,,,
https://twitter.com/MinBZ/status/1343504721244528640,11:31:01,2020-12-28,2020,,@Britt06012706 een dringend advies. ^bd,,0,47,1,0.02,0,0,0,0,0,0,0
https://twitter.com/MinBZ/status/1343548600144556032,14:25:22,2020-12-28,2020,"Brexit, Brexitdeal",Wat betekent #Brexit voor jou als ondernemer? Geef je op voor het webinar op 30 december en laat je bijpraten over de #Brexitdeal: https://t.co/j3GT0XTfwA,,4,10115,58,0.01,0,0,8,0,0,0,0
https://twitter.com/MinBZ/status/1343977731646742530,18:50:35,2020-12-29,2020,,RT @ministerBlok: Brexit is een feit. Met het akkoord over de relatie üá™üá∫üá¨üáß gaan per 1 januari ook echt nieuwe regels gelden. Daarom blijft‚Ä¶,,0,0,0,,0,,0,0,,,
https://twitter.com/MinBZ/status/1343993995840643072,19:55:13,2020-12-29,2020,,"@nes_ien Via een DM kan je een e-mail adres of telefoonnummer achterlaten. Dan zal er contact worden opgenomen.
^TB",,0,43,0,0,0,0,0,0,0,0,0
https://twitter.com/MinBZ/status/1344227293024161793,11:22:15,2020-12-30,2020,,@nouk1999 We snappen dat het een lastige situatie is deze dagen. Een test mag inderdaad niet ouder zijn dan 72 uur als je aankomt in NL. Je kunt bij de autoriteiten in het VK eventueel vragen wat de mogelijkheden zijn. ^BR,,0,48,3,0.06,0,0.02,0,1,0,0,0
https://twitter.com/MinBZ/status/1344262871702790145,13:43:38,2020-12-30,2020,,@NickyBouwers @kunstenbond Hiervoor kun je het beste terecht op de website van de Britse overheid. Zie het kopje 'Creative': https://t.co/jL3YWC3VbX ^BR,,1,290,15,0.05,0,0,1,1,0,0,0
https://twitter.com/MinBZ/status/1344277272702943237,14:40:51,2020-12-30,2020,,"Corinna Wissels en Nico Schrijver zijn benoemd als leden van het arbitragepanel voor geschillenbeslechting Terugtrekkingsakkoord EU-VK. 

Lees hier meer: https://t.co/bE5g295dYn https://t.co/hENYuhxevE",,0,3822,151,0.04,0,0,6,0,0,0,0
https://twitter.com/MinBZ/status/1344289121536253953,15:27:56,2020-12-30,2020,,"Zakendoen met het VK wordt een stuk lastiger, bereid je daar op voor. 

Laat je om 15.30 uur bijpraten over de Brexitdeal door experts van verschillende organisaties. https://t.co/IM69RB8YM5",,0,5077,30,0.01,0,0,2,0,0,0,0
https://twitter.com/MinBZ/status/1344308527087628288,16:45:03,2020-12-30,2020,,"@nouk1999 We bedoelen de Britse autoriteiten. Als je aankomt in Nederland mag een test niet ouder zijn dan 72 uur, tenzij je buiten jouw schuld bent vertraagd. Hier lees je meer: https://t.co/7DwSt8DSxQ ^BR",,0,38,1,0.03,0,0,0,0,0,0,0
https://twitter.com/MinBZ/status/1344597704371011588,11:54:08,2020-12-31,2020,Brexit,"#Brexit staat nu echt voor de deur‚Ä¶

Het akkoord tussen de EU en het VK telt 1246 bladzijden, daarin staan de regels die vanaf morgen gelden.

De deal voor morgen doornemen is een onbegonnen taak, daarom hier 7 belangrijke zaken voor ondernemers:
https://t.co/ATrmRkQhYG https://t.co/DoFDfhKiQU",,4,7186,164,0.02,0,0,6,1,0,0,0
https://twitter.com/MinBZ/status/1344649955596709888,15:21:46,2020-12-31,2020,mensenrechten,"Ongelijkheid verminderen, mensenrechten waarborgen en inclusieve ontwikkeling bevorderen. In samenwerking met maatschappelijke organisaties strijdt Nederland hiervoor. Blik terug op de impact en lessen van de afgelopen 5 jaar: 

https://t.co/KiYBAO7N9U 

#mensenrechten",,12,5098,108,0.02,0,0,13,0,0,0,0